circuit_id,n_qubits,depth,ansatz,seed,mean_gradient_magnitude,gradient_variance,near_zero_percentage,n_trainable_parameters,n_gates
C0001,2,1,linear,42,0.16125256774050514,0.10031899204621006,25.0,4,5
C0002,2,1,linear,43,0.24292816978139892,0.11409528754378648,25.0,4,5
C0003,2,1,linear,44,0.17386344561163813,0.1070003343031313,25.0,4,5
C0004,2,1,linear,45,0.12717353268851195,0.04070982486135253,25.0,4,5
C0005,2,1,linear,46,0.19578879416964343,0.07958581532350509,25.0,4,5
C0006,2,1,ring,42,0.16125256774050514,0.10031899204621006,25.0,4,5
C0007,2,1,ring,43,0.24292816978139892,0.11409528754378648,25.0,4,5
C0008,2,1,ring,44,0.17386344561163813,0.1070003343031313,25.0,4,5
C0009,2,1,ring,45,0.12717353268851195,0.04070982486135253,25.0,4,5
C0010,2,1,ring,46,0.19578879416964343,0.07958581532350509,25.0,4,5
C0011,2,2,linear,42,0.2477003437927026,0.13395987635775153,18.75,8,10
C0012,2,2,linear,43,0.16044693404737914,0.056337906210120955,18.75,8,10
C0013,2,2,linear,44,0.20632730437740265,0.1004778335125851,12.5,8,10
C0014,2,2,linear,45,0.20335157035072915,0.11078784035662481,12.5,8,10
C0015,2,2,linear,46,0.22765252645385375,0.07779688264296777,12.5,8,10
C0016,2,2,ring,42,0.2477003437927026,0.13395987635775153,18.75,8,10
C0017,2,2,ring,43,0.16044693404737914,0.056337906210120955,18.75,8,10
C0018,2,2,ring,44,0.20632730437740265,0.1004778335125851,12.5,8,10
C0019,2,2,ring,45,0.20335157035072915,0.11078784035662481,12.5,8,10
C0020,2,2,ring,46,0.22765252645385375,0.07779688264296777,12.5,8,10
C0021,2,3,linear,42,0.27548481871112723,0.10834426902788415,8.333333333333332,12,15
C0022,2,3,linear,43,0.1733556568110867,0.0739357462444514,12.5,12,15
C0023,2,3,linear,44,0.34193903337528236,0.177491181322645,8.333333333333332,12,15
C0024,2,3,linear,45,0.15527533395971804,0.04942063451527018,8.333333333333332,12,15
C0025,2,3,linear,46,0.2925597328810401,0.07214962061911799,8.333333333333332,12,15
C0026,2,3,ring,42,0.27548481871112723,0.10834426902788415,8.333333333333332,12,15
C0027,2,3,ring,43,0.1733556568110867,0.0739357462444514,12.5,12,15
C0028,2,3,ring,44,0.34193903337528236,0.177491181322645,8.333333333333332,12,15
C0029,2,3,ring,45,0.15527533395971804,0.04942063451527018,8.333333333333332,12,15
C0030,2,3,ring,46,0.2925597328810401,0.07214962061911799,8.333333333333332,12,15
C0031,2,4,linear,42,0.2456321751130428,0.08763761448792559,6.25,16,20
C0032,2,4,linear,43,0.29726510138829015,0.11171812349178106,9.375,16,20
C0033,2,4,linear,44,0.3313201370398285,0.15315075322351202,6.25,16,20
C0034,2,4,linear,45,0.26324031656081504,0.11218713065867122,6.25,16,20
C0035,2,4,linear,46,0.20884512418199108,0.07776810397206314,6.25,16,20
C0036,2,4,ring,42,0.2456321751130428,0.08763761448792559,6.25,16,20
C0037,2,4,ring,43,0.29726510138829015,0.11171812349178106,9.375,16,20
C0038,2,4,ring,44,0.3313201370398285,0.15315075322351202,6.25,16,20
C0039,2,4,ring,45,0.26324031656081504,0.11218713065867122,6.25,16,20
C0040,2,4,ring,46,0.20884512418199108,0.07776810397206314,6.25,16,20
C0041,2,6,linear,42,0.2126611040593045,0.08212434785445061,4.166666666666666,24,30
C0042,2,6,linear,43,0.2695958628733043,0.1276953494074675,4.166666666666666,24,30
C0043,2,6,linear,44,0.3399338767738394,0.16521421616861978,4.166666666666666,24,30
C0044,2,6,linear,45,0.28997273555207864,0.13074545721814207,6.25,24,30
C0045,2,6,linear,46,0.24912490344243757,0.09686427054551834,4.166666666666666,24,30
C0046,2,6,ring,42,0.2126611040593045,0.08212434785445061,4.166666666666666,24,30
C0047,2,6,ring,43,0.2695958628733043,0.1276953494074675,4.166666666666666,24,30
C0048,2,6,ring,44,0.3399338767738394,0.16521421616861978,4.166666666666666,24,30
C0049,2,6,ring,45,0.28997273555207864,0.13074545721814207,6.25,24,30
C0050,2,6,ring,46,0.24912490344243757,0.09686427054551834,4.166666666666666,24,30
C0051,2,8,linear,42,0.2098848144959214,0.07070186707641737,3.125,32,40
C0052,2,8,linear,43,0.255675818487688,0.10398002890940139,3.125,32,40
C0053,2,8,linear,44,0.2412480074547213,0.0977830759168009,3.125,32,40
C0054,2,8,linear,45,0.2612539459914726,0.11033274200623766,3.125,32,40
C0055,2,8,linear,46,0.19733067675411053,0.06963766095530483,4.6875,32,40
C0056,2,8,ring,42,0.2098848144959214,0.07070186707641737,3.125,32,40
C0057,2,8,ring,43,0.255675818487688,0.10398002890940139,3.125,32,40
C0058,2,8,ring,44,0.2412480074547213,0.0977830759168009,3.125,32,40
C0059,2,8,ring,45,0.2612539459914726,0.11033274200623766,3.125,32,40
C0060,2,8,ring,46,0.19733067675411053,0.06963766095530483,4.6875,32,40
C0061,2,10,linear,42,0.2463466047545825,0.09657397893331521,2.5,40,50
C0062,2,10,linear,43,0.3106816483256406,0.13251353620184764,2.5,40,50
C0063,2,10,linear,44,0.23507037843071527,0.07885362787260639,2.5,40,50
C0064,2,10,linear,45,0.2853831190831776,0.1343573500015593,2.5,40,50
C0065,2,10,linear,46,0.26111014016989575,0.10583938476789131,2.5,40,50
C0066,2,10,ring,42,0.2463466047545825,0.09657397893331521,2.5,40,50
C0067,2,10,ring,43,0.3106816483256406,0.13251353620184764,2.5,40,50
C0068,2,10,ring,44,0.23507037843071527,0.07885362787260639,2.5,40,50
C0069,2,10,ring,45,0.2853831190831776,0.1343573500015593,2.5,40,50
C0070,2,10,ring,46,0.26111014016989575,0.10583938476789131,2.5,40,50
C0071,4,1,linear,42,0.04939653375626726,0.028159610447186637,50.0,8,11
C0072,4,1,linear,43,0.07354445233798493,0.03414868671326341,59.375,8,11
C0073,4,1,linear,44,0.053150174774967536,0.028029386798450785,40.625,8,11
C0074,4,1,linear,45,0.036023275834901995,0.010429913711421464,56.25,8,11
C0075,4,1,linear,46,0.07124607748368156,0.026130572566312255,37.5,8,11
C0076,4,1,ring,42,0.02093855294971124,0.002281136899441798,40.625,8,12
C0077,4,1,ring,43,0.044305941012760926,0.014520210233621047,62.5,8,12
C0078,4,1,ring,44,0.04554535057669986,0.013033013691153696,28.125,8,12
C0079,4,1,ring,45,0.01842894514272121,0.0036580867189897302,50.0,8,12
C0080,4,1,ring,46,0.048189948008149165,0.014336914309031095,25.0,8,12
C0081,4,2,linear,42,0.12047040295985702,0.04560995538330577,29.6875,16,22
C0082,4,2,linear,43,0.11379250968790623,0.044692046963655085,32.8125,16,22
C0083,4,2,linear,44,0.11308188493353358,0.038804467228576396,28.125,16,22
C0084,4,2,linear,45,0.0875181050459591,0.03228504355325749,31.25,16,22
C0085,4,2,linear,46,0.09487170735607706,0.02782086292238595,28.125,16,22
C0086,4,2,ring,42,0.09569882845226119,0.02349248225737372,14.0625,16,24
C0087,4,2,ring,43,0.11689201336106018,0.04482964616216239,18.75,16,24
C0088,4,2,ring,44,0.1446211779203988,0.03525556694766999,12.5,16,24
C0089,4,2,ring,45,0.11672956670248597,0.036694266768751975,14.0625,16,24
C0090,4,2,ring,46,0.13174144937465748,0.04172601242438673,17.1875,16,24
C0091,4,3,linear,42,0.12049166795455367,0.03182381773507934,21.875,24,33
C0092,4,3,linear,43,0.08593168680722892,0.024710481539715532,27.083333333333332,24,33
C0093,4,3,linear,44,0.11684728336909744,0.031838153577954935,21.875,24,33
C0094,4,3,linear,45,0.09851489450234457,0.024590326540387383,22.916666666666664,24,33
C0095,4,3,linear,46,0.10677339152498733,0.028926001716121964,21.875,24,33
C0096,4,3,ring,42,0.11975911659113263,0.026830334818194076,8.333333333333332,24,36
C0097,4,3,ring,43,0.12789755444484283,0.03247283211127696,10.416666666666668,24,36
C0098,4,3,ring,44,0.11223444026098194,0.021664971354758616,8.333333333333332,24,36
C0099,4,3,ring,45,0.11601652122908575,0.02778165590484014,8.333333333333332,24,36
C0100,4,3,ring,46,0.10107359559815145,0.021318184051112674,9.375,24,36
C0101,4,4,linear,42,0.11288405019364493,0.026512711276192133,17.1875,32,44
C0102,4,4,linear,43,0.10119132457078298,0.027464139658060133,18.75,32,44
C0103,4,4,linear,44,0.09681418236476157,0.025390867640573356,16.40625,32,44
C0104,4,4,linear,45,0.10014376670618078,0.021903635617614697,17.96875,32,44
C0105,4,4,linear,46,0.121710349959088,0.027765363551906612,15.625,32,44
C0106,4,4,ring,42,0.10540378248917542,0.019827118604059932,6.25,32,48
C0107,4,4,ring,43,0.11514985417210996,0.026066629595172523,9.375,32,48
C0108,4,4,ring,44,0.08732360546409053,0.013904637842577876,7.03125,32,48
C0109,4,4,ring,45,0.12785447804241246,0.029748961550835458,7.8125,32,48
C0110,4,4,ring,46,0.11522689476484702,0.023406510555410112,6.25,32,48
C0111,4,6,linear,42,0.11128693674342093,0.024425800179302393,10.9375,48,66
C0112,4,6,linear,43,0.11561207963869569,0.027660606447327596,11.458333333333332,48,66
C0113,4,6,linear,44,0.1198875840264874,0.026372807974219096,10.416666666666668,48,66
C0114,4,6,linear,45,0.1133120725359299,0.02557635138490856,10.9375,48,66
C0115,4,6,linear,46,0.11950582697836254,0.026077610040439025,11.458333333333332,48,66
C0116,4,6,ring,42,0.12806610975922633,0.029772361365009103,4.166666666666666,48,72
C0117,4,6,ring,43,0.13002373279036886,0.026213364807514596,5.729166666666666,48,72
C0118,4,6,ring,44,0.13310598389132908,0.031060668416948118,4.166666666666666,48,72
C0119,4,6,ring,45,0.12348366488065483,0.030042278773020126,5.208333333333334,48,72
C0120,4,6,ring,46,0.12926882773826512,0.026165722310705797,4.166666666666666,48,72
C0121,4,8,linear,42,0.12446200302771449,0.025844900670256903,8.203125,64,88
C0122,4,8,linear,43,0.11880794235792996,0.025378780068491306,9.375,64,88
C0123,4,8,linear,44,0.11281890087988397,0.02290144217251447,9.375,64,88
C0124,4,8,linear,45,0.11413449455179635,0.023557610828328978,8.203125,64,88
C0125,4,8,linear,46,0.11685094575958484,0.023751718345619358,8.203125,64,88
C0126,4,8,ring,42,0.12065874598489976,0.025524887243180746,3.515625,64,96
C0127,4,8,ring,43,0.13400906867099155,0.028708861917782692,3.90625,64,96
C0128,4,8,ring,44,0.1266731835032966,0.02749778849572764,3.515625,64,96
C0129,4,8,ring,45,0.12508547788834296,0.02569754048607277,3.125,64,96
C0130,4,8,ring,46,0.14455054262926487,0.03375358096847632,3.515625,64,96
C0131,4,10,linear,42,0.11569697196478668,0.023873933655860585,6.5625,80,110
C0132,4,10,linear,43,0.14136618702372472,0.03360961909733008,6.875000000000001,80,110
C0133,4,10,linear,44,0.12297813153789756,0.025661784115661296,6.875000000000001,80,110
C0134,4,10,linear,45,0.1184362403996863,0.02485697759375844,7.187499999999999,80,110
C0135,4,10,linear,46,0.1307651591412604,0.028765332525567233,6.875000000000001,80,110
C0136,4,10,ring,42,0.12053734531734958,0.02414648226557136,3.125,80,120
C0137,4,10,ring,43,0.1441569681414659,0.033090515812793896,3.125,80,120
C0138,4,10,ring,44,0.13437029933861594,0.030222861513651257,2.8125,80,120
C0139,4,10,ring,45,0.13160231852322865,0.029045761294195317,3.125,80,120
C0140,4,10,ring,46,0.13418576340149052,0.028863520214587445,3.125,80,120
C0141,6,1,linear,42,0.022130763539560797,0.012633653141737054,72.22222222222221,12,17
C0142,6,1,linear,43,0.03277321370104761,0.015306755710374924,79.16666666666666,12,17
C0143,6,1,linear,44,0.02429789308863931,0.012464763681999953,58.333333333333336,12,17
C0144,6,1,linear,45,0.01626792894439869,0.004656412605265943,73.61111111111111,12,17
C0145,6,1,linear,46,0.03184646534566268,0.011789677602948405,69.44444444444444,12,17
C0146,6,1,ring,42,0.009013705517081206,0.0010058891438433108,66.66666666666666,12,18
C0147,6,1,ring,43,0.019740287263495016,0.006463112972380088,80.55555555555556,12,18
C0148,6,1,ring,44,0.016763460967241725,0.005282604650385104,47.22222222222222,12,18
C0149,6,1,ring,45,0.008073092644052964,0.0016536582127041498,73.61111111111111,12,18
C0150,6,1,ring,46,0.019711933986329724,0.006352578132922188,70.83333333333334,12,18
C0151,6,2,linear,42,0.0442159758104747,0.010105839999943585,35.41666666666667,24,34
C0152,6,2,linear,43,0.04153431627726942,0.014112847441201627,38.88888888888889,24,34
C0153,6,2,linear,44,0.07003219190055485,0.017091061094892893,35.41666666666667,24,34
C0154,6,2,linear,45,0.045064720068624047,0.016641590039976405,36.80555555555556,24,34
C0155,6,2,linear,46,0.06828411310028341,0.02095804565943313,48.61111111111111,24,34
C0156,6,2,ring,42,0.04790723792931011,0.00790741001753125,18.75,24,36
C0157,6,2,ring,43,0.04404879373440559,0.008784188777315025,25.694444444444443,24,36
C0158,6,2,ring,44,0.06707942010939368,0.01033459315339785,15.972222222222221,24,36
C0159,6,2,ring,45,0.027121120890005596,0.002940527172162813,20.13888888888889,24,36
C0160,6,2,ring,46,0.052392415646264553,0.006724472241685932,22.916666666666664,24,36
C0161,6,3,linear,42,0.057138400787552494,0.011005471786954615,30.09259259259259,36,51
C0162,6,3,linear,43,0.045016660340839454,0.009977249653220964,32.870370370370374,36,51
C0163,6,3,linear,44,0.049350922410157004,0.007629706439659144,28.703703703703702,36,51
C0164,6,3,linear,45,0.06681286675064364,0.013301021413966583,30.09259259259259,36,51
C0165,6,3,linear,46,0.06444128464401572,0.013436965182154774,31.48148148148148,36,51
C0166,6,3,ring,42,0.05328802219837651,0.006395465201646466,10.185185185185185,36,54
C0167,6,3,ring,43,0.05637676697708156,0.006717125137147896,14.814814814814813,36,54
C0168,6,3,ring,44,0.04517494177459152,0.004243651270943481,11.574074074074074,36,54
C0169,6,3,ring,45,0.06323206518680134,0.008784626275600355,11.574074074074074,36,54
C0170,6,3,ring,46,0.07206973124975292,0.010412855115256447,11.11111111111111,36,54
C0171,6,4,linear,42,0.05327291034770578,0.007319028450519972,24.305555555555554,48,68
C0172,6,4,linear,43,0.05517927462390712,0.008525767704876678,26.38888888888889,48,68
C0173,6,4,linear,44,0.06444220998582623,0.009768272505847289,23.61111111111111,48,68
C0174,6,4,linear,45,0.07648591767014873,0.013803805930936797,23.958333333333336,48,68
C0175,6,4,linear,46,0.05634816450545789,0.009844782025136821,26.73611111111111,48,68
C0176,6,4,ring,42,0.055656369208722904,0.005967080448913201,9.375,48,72
C0177,6,4,ring,43,0.06877112063224744,0.008383227033892524,9.375,48,72
C0178,6,4,ring,44,0.06525078126556107,0.007802752218951779,8.333333333333332,48,72
C0179,6,4,ring,45,0.05470683802009647,0.005781290303273383,8.333333333333332,48,72
C0180,6,4,ring,46,0.06632264533300013,0.008469267514257093,10.069444444444445,48,72
C0181,6,6,linear,42,0.06228433586066286,0.007489146133551234,16.666666666666664,72,102
C0182,6,6,linear,43,0.0611352394817254,0.007582865432399756,17.59259259259259,72,102
C0183,6,6,linear,44,0.05694943910039955,0.007026104746235583,16.435185185185187,72,102
C0184,6,6,linear,45,0.057906147549940216,0.007167735059899829,17.36111111111111,72,102
C0185,6,6,linear,46,0.055068341492111816,0.007301967093803301,19.675925925925927,72,102
C0186,6,6,ring,42,0.0639609434064072,0.007179134000505756,6.018518518518518,72,108
C0187,6,6,ring,43,0.06895209953832819,0.007898896946875617,6.712962962962964,72,108
C0188,6,6,ring,44,0.05997504211197675,0.006840521674691402,6.712962962962964,72,108
C0189,6,6,ring,45,0.06983133290804457,0.008006145369544741,6.481481481481481,72,108
C0190,6,6,ring,46,0.06001074455335906,0.00628974385892339,6.018518518518518,72,108
C0191,6,8,linear,42,0.055218128301971516,0.00592293791865184,13.88888888888889,96,136
C0192,6,8,linear,43,0.060047308218386,0.006674855203950194,13.368055555555555,96,136
C0193,6,8,linear,44,0.0642299485595175,0.007742275959480306,12.847222222222221,96,136
C0194,6,8,linear,45,0.05790779656071868,0.0064759127951551955,13.368055555555555,96,136
C0195,6,8,linear,46,0.0564325641473019,0.00667021294883472,13.368055555555555,96,136
C0196,6,8,ring,42,0.06685120454484625,0.007829294657429042,4.861111111111112,96,144
C0197,6,8,ring,43,0.07256726568547182,0.00909678965761606,6.076388888888888,96,144
C0198,6,8,ring,44,0.06388832514361764,0.006935157465170285,4.6875,96,144
C0199,6,8,ring,45,0.06737416834612119,0.007682201962448305,5.555555555555555,96,144
C0200,6,8,ring,46,0.06719998728740748,0.007368248528350123,4.340277777777778,96,144
C0201,6,10,linear,42,0.05765501914612171,0.006148342083996039,10.694444444444445,120,170
C0202,6,10,linear,43,0.059413914122518216,0.006628815543451521,11.944444444444445,120,170
C0203,6,10,linear,44,0.062217738887442676,0.006679077002269625,10.13888888888889,120,170
C0204,6,10,linear,45,0.05935702436934452,0.006228674884479538,10.694444444444445,120,170
C0205,6,10,linear,46,0.059643866976660194,0.006573908282691916,10.277777777777777,120,170
C0206,6,10,ring,42,0.06943572750179414,0.008241141073967288,4.305555555555555,120,180
C0207,6,10,ring,43,0.06873124305110385,0.008135163512104386,4.722222222222222,120,180
C0208,6,10,ring,44,0.07002608436261823,0.008135740881096634,4.166666666666666,120,180
C0209,6,10,ring,45,0.06543097110694863,0.007120205311085517,3.75,120,180
C0210,6,10,ring,46,0.06656361360830625,0.007558934772103019,4.305555555555555,120,180
C0211,8,1,linear,42,0.012462140678063345,0.0071298026491972595,84.375,16,23
C0212,8,1,linear,43,0.018436320215465672,0.008634868471647532,88.28125,16,23
C0213,8,1,linear,44,0.01385221963890338,0.007012573635729884,74.21875,16,23
C0214,8,1,linear,45,0.009166702148986764,0.0026229131340248357,85.15625,16,23
C0215,8,1,linear,46,0.01792555468910543,0.006666539078897109,82.03125,16,23
C0216,8,1,ring,42,0.004873035961395982,0.0005661614157157897,85.9375,16,24
C0217,8,1,ring,43,0.011069148569296111,0.0036374830258096734,89.84375,16,24
C0218,8,1,ring,44,0.008413857132071996,0.002960598221463088,67.1875,16,24
C0219,8,1,ring,45,0.004519212425138417,0.0009345888003083634,86.71875,16,24
C0220,8,1,ring,46,0.011041707164580758,0.0035987094540892452,83.59375,16,24
C0221,8,2,linear,42,0.037984199587568726,0.00852596712440801,41.40625,32,46
C0222,8,2,linear,43,0.04124268300249922,0.009539961401301951,46.484375,32,46
C0223,8,2,linear,44,0.050891430855567736,0.01419989826041531,39.84375,32,46
C0224,8,2,linear,45,0.03258965268495276,0.007780896649409521,41.796875,32,46
C0225,8,2,linear,46,0.044265649134945705,0.011944232506593357,48.046875,32,46
C0226,8,2,ring,42,0.015327156288267831,0.001575212036440089,33.984375,32,48
C0227,8,2,ring,43,0.018509588013417677,0.0011880050598803466,31.25,32,48
C0228,8,2,ring,44,0.041378707268746304,0.005438356113496283,18.359375,32,48
C0229,8,2,ring,45,0.035421616253974095,0.004160273890911739,25.0,32,48
C0230,8,2,ring,46,0.023024751937378546,0.003186248890805351,37.890625,32,48
C0231,8,3,linear,42,0.046001728215306896,0.007691232421524022,34.89583333333333,48,69
C0232,8,3,linear,43,0.044249921392169815,0.007968826265626117,37.23958333333333,48,69
C0233,8,3,linear,44,0.039260031143703876,0.006008398922683109,34.63541666666667,48,69
C0234,8,3,linear,45,0.03449794485697696,0.006435797008561031,35.9375,48,69
C0235,8,3,linear,46,0.03709491591958011,0.005503637287552446,35.67708333333333,48,69
C0236,8,3,ring,42,0.026536922876653473,0.001978256436264305,14.322916666666666,48,72
C0237,8,3,ring,43,0.029012036691596212,0.0018922281034862269,14.84375,48,72
C0238,8,3,ring,44,0.02977089338448789,0.0019638172735499814,14.322916666666666,48,72
C0239,8,3,ring,45,0.02185007287801122,0.0013017952124647239,16.40625,48,72
C0240,8,3,ring,46,0.028379338542671866,0.002463838374586347,16.666666666666664,48,72
C0241,8,4,linear,42,0.03225352405087822,0.003628019393249484,29.6875,64,92
C0242,8,4,linear,43,0.029694014532205402,0.003618030184937691,32.421875,64,92
C0243,8,4,linear,44,0.03223481836562678,0.004511673050862964,31.640625,64,92
C0244,8,4,linear,45,0.03113050423991825,0.003543601600450707,30.859375,64,92
C0245,8,4,linear,46,0.03547922405222149,0.006718331743118786,33.3984375,64,92
C0246,8,4,ring,42,0.03577509569602172,0.0025261996696874585,10.546875,64,96
C0247,8,4,ring,43,0.03224090281577273,0.0018476811704880103,11.9140625,64,96
C0248,8,4,ring,44,0.03641134046261714,0.0031520848514934845,10.3515625,64,96
C0249,8,4,ring,45,0.034385806999137195,0.002425872561437154,11.328125,64,96
C0250,8,4,ring,46,0.025457001529307043,0.0014643957769611912,15.8203125,64,96
C0251,8,6,linear,42,0.03242516542705026,0.002667040322338611,23.177083333333336,96,138
C0252,8,6,linear,43,0.03204070871958765,0.002429543481418448,23.958333333333336,96,138
C0253,8,6,linear,44,0.031063875866153116,0.0023590817162917744,23.567708333333336,96,138
C0254,8,6,linear,45,0.03206668310887287,0.0032705936188992106,23.828125,96,138
C0255,8,6,linear,46,0.03637758260847699,0.0034497414857874455,23.828125,96,138
C0256,8,6,ring,42,0.03351248727775375,0.002048118360109031,7.8125,96,144
C0257,8,6,ring,43,0.031975679631481374,0.0018594078256033073,8.333333333333332,96,144
C0258,8,6,ring,44,0.033077856534175804,0.0018753003808012183,6.901041666666667,96,144
C0259,8,6,ring,45,0.030991800673528885,0.001757209919244004,8.333333333333332,96,144
C0260,8,6,ring,46,0.032861195510355955,0.001817893542595301,6.770833333333333,96,144
C0261,8,8,linear,42,0.0320799194911262,0.0021324519061948948,18.06640625,128,184
C0262,8,8,linear,43,0.02863755252715835,0.0017280784437928032,20.80078125,128,184
C0263,8,8,linear,44,0.033503287869154894,0.002548114476439746,19.140625,128,184
C0264,8,8,linear,45,0.030493756120981937,0.0017937315757642863,17.87109375,128,184
C0265,8,8,linear,46,0.030938445499660974,0.0020122898552090295,19.3359375,128,184
C0266,8,8,ring,42,0.03319780740943798,0.0018526067698496273,6.54296875,128,192
C0267,8,8,ring,43,0.03186022769304455,0.0017929967172979325,7.421875,128,192
C0268,8,8,ring,44,0.03365980995396743,0.0019548062094849874,6.0546875,128,192
C0269,8,8,ring,45,0.030892644149696648,0.0016900809484740567,6.8359375,128,192
C0270,8,8,ring,46,0.03320054705477621,0.0018556299653911985,6.0546875,128,192
C0271,8,10,linear,42,0.03063150050322514,0.001767398918331667,15.312500000000002,160,230
C0272,8,10,linear,43,0.031066773851013557,0.0018123613410796914,14.921875000000002,160,230
C0273,8,10,linear,44,0.028946783965543323,0.0015949057984926153,15.0,160,230
C0274,8,10,linear,45,0.028948286495752207,0.001627720013513205,16.015625,160,230
C0275,8,10,linear,46,0.030247372574980325,0.0018061512677105206,15.703125000000002,160,230
C0276,8,10,ring,42,0.03181783489624745,0.0017251362114371915,5.390625,160,240
C0277,8,10,ring,43,0.03122855218409203,0.0016483009758764453,6.25,160,240
C0278,8,10,ring,44,0.033588837633360215,0.001919924125473304,5.0,160,240
C0279,8,10,ring,45,0.03368954326440678,0.0019241095321573254,5.625,160,240
C0280,8,10,ring,46,0.0325279993628337,0.0018164944206192335,5.3125,160,240
C0281,10,1,linear,42,0.007977187731517942,0.004570035849936098,90.0,20,29
C0282,10,1,linear,43,0.011799469139626454,0.005533667733203802,92.5,20,29
C0283,10,1,linear,44,0.00887364805721375,0.0044880744691856,83.5,20,29
C0284,10,1,linear,45,0.005868995511045931,0.0016797548772273362,90.5,20,29
C0285,10,1,linear,46,0.01147250109150424,0.004276845509455595,88.5,20,29
C0286,10,1,ring,42,0.003115096186323056,0.00036335292525727634,91.0,20,30
C0287,10,1,ring,43,0.007083873804379483,0.0023286722932562955,93.5,20,30
C0288,10,1,ring,44,0.005142571342760376,0.0018989631471994176,84.0,20,30
C0289,10,1,ring,45,0.0028900421882965084,0.0005995674237291078,91.5,20,30
C0290,10,1,ring,46,0.0070666918804224545,0.00231101224760333,89.5,20,30
C0291,10,2,linear,42,0.022128521280985892,0.004451513366685506,48.25,40,58
C0292,10,2,linear,43,0.031908739196008395,0.007650781038356903,44.25,40,58
C0293,10,2,linear,44,0.03200062205171173,0.006562362616966759,44.75,40,58
C0294,10,2,linear,45,0.02715052090611424,0.004583969236284934,47.0,40,58
C0295,10,2,linear,46,0.02345006787892198,0.005279956789979613,50.74999999999999,40,58
C0296,10,2,ring,42,0.010719421569676747,0.0014351703141704994,38.75,40,60
C0297,10,2,ring,43,0.014118641132727705,0.000857430277418508,35.25,40,60
C0298,10,2,ring,44,0.02184034488246394,0.002972676878265656,37.5,40,60
C0299,10,2,ring,45,0.01475358390651742,0.0010696545670202651,31.5,40,60
C0300,10,2,ring,46,0.017955980436357946,0.0024702350805938357,44.25,40,60
C0301,10,3,linear,42,0.01589361870433245,0.0020352169598395245,42.66666666666667,60,87
C0302,10,3,linear,43,0.024521884521677598,0.0038607728773346313,39.83333333333333,60,87
C0303,10,3,linear,44,0.02118552930835221,0.0028641223016261214,42.0,60,87
C0304,10,3,linear,45,0.020486354279720658,0.004217009231062207,41.833333333333336,60,87
C0305,10,3,linear,46,0.027074639217398253,0.004760244702767408,41.5,60,87
C0306,10,3,ring,42,0.010755794745383308,0.0004625185469602085,20.0,60,90
C0307,10,3,ring,43,0.01449230594935765,0.0005011680512847037,17.666666666666668,60,90
C0308,10,3,ring,44,0.014145428706077918,0.0006552464712434182,20.833333333333336,60,90
C0309,10,3,ring,45,0.01183763364232605,0.0003846473072009657,18.833333333333332,60,90
C0310,10,3,ring,46,0.010296966365455887,0.000312830489140964,25.0,60,90
C0311,10,4,linear,42,0.02317467517796713,0.0027322031831352356,36.375,80,116
C0312,10,4,linear,43,0.020405533885699906,0.0020791358008966435,35.875,80,116
C0313,10,4,linear,44,0.02139129486716259,0.0028330704131622154,36.0,80,116
C0314,10,4,linear,45,0.026323146159709508,0.0034181897765771197,35.0,80,116
C0315,10,4,linear,46,0.022147834439827124,0.0029332148457930185,36.0,80,116
C0316,10,4,ring,42,0.014726106035993914,0.00045284696834358394,14.374999999999998,80,120
C0317,10,4,ring,43,0.017265705039334486,0.0006424649229783028,14.75,80,120
C0318,10,4,ring,44,0.017747561032653136,0.0009587536018831873,17.125,80,120
C0319,10,4,ring,45,0.014427089494657527,0.00045424084601315776,13.750000000000002,80,120
C0320,10,4,ring,46,0.017114938950925154,0.0006150707822504432,13.875000000000002,80,120
C0321,10,6,linear,42,0.019989546254306316,0.0013784402576781972,29.666666666666668,120,174
C0322,10,6,linear,43,0.018654149858308305,0.0012767702433327682,30.75,120,174
C0323,10,6,linear,44,0.018074015180167338,0.0013955998380813012,28.416666666666668,120,174
C0324,10,6,linear,45,0.01846631490753832,0.0015250241584427353,29.75,120,174
C0325,10,6,linear,46,0.018337243376339303,0.0011868011785832059,30.0,120,174
C0326,10,6,ring,42,0.014657084711259566,0.00039622980177163807,10.583333333333334,120,180
C0327,10,6,ring,43,0.015303130604959334,0.00042711644187684567,12.583333333333332,120,180
C0328,10,6,ring,44,0.015575353996437136,0.00045605667116118813,12.833333333333332,120,180
C0329,10,6,ring,45,0.01564637136041505,0.0004338869799958093,10.833333333333334,120,180
C0330,10,6,ring,46,0.016567951843421223,0.000489994204224764,9.75,120,180
C0331,10,8,linear,42,0.016856697130967352,0.0007794651529294233,24.5,160,232
C0332,10,8,linear,43,0.017325351215305037,0.0008023302407687033,24.5625,160,232
C0333,10,8,linear,44,0.017427175902811003,0.0008525706089117066,24.5,160,232
C0334,10,8,linear,45,0.01519409575279708,0.0005018664799210024,23.8125,160,232
C0335,10,8,linear,46,0.018082374250844437,0.0008777009672963444,23.1875,160,232
C0336,10,8,ring,42,0.01636511581480451,0.00046335034047478076,8.875,160,240
C0337,10,8,ring,43,0.01639681103689884,0.0004553794133138889,9.0,160,240
C0338,10,8,ring,44,0.016671465128964624,0.0004862486952169687,8.9375,160,240
C0339,10,8,ring,45,0.01599214170365175,0.000451203712648415,8.75,160,240
C0340,10,8,ring,46,0.016967131089854898,0.0004926045318624185,8.625,160,240
C0341,10,10,linear,42,0.015844780168974393,0.0005828074883160981,20.349999999999998,200,290
C0342,10,10,linear,43,0.015721047437172512,0.0005111334807502119,21.05,200,290
C0343,10,10,linear,44,0.015705932439850523,0.0005251853972843012,19.6,200,290
C0344,10,10,linear,45,0.015318680688479505,0.0005094387817485262,20.549999999999997,200,290
C0345,10,10,linear,46,0.017138896990279137,0.0007057090489337246,20.65,200,290
C0346,10,10,ring,42,0.015648542228661768,0.0004170367826908767,8.200000000000001,200,300
C0347,10,10,ring,43,0.017064227240674044,0.0004889126897915314,7.85,200,300
C0348,10,10,ring,44,0.01651739030469126,0.00046119684766190696,7.449999999999999,200,300
C0349,10,10,ring,45,0.01727300509791729,0.0005030479760085142,7.199999999999999,200,300
C0350,10,10,ring,46,0.01728067404105432,0.0004992097554483436,7.8,200,300
C0351,12,1,linear,42,0.005539733461789503,0.0031762634174680115,93.05555555555556,24,35
C0352,12,1,linear,43,0.008194165399298459,0.0038455979568903192,94.79166666666666,24,35
C0353,12,1,linear,44,0.006162948447507543,0.0031167274365958694,88.54166666666666,24,35
C0354,12,1,linear,45,0.004076290738149628,0.0011669071081827713,93.40277777777779,24,35
C0355,12,1,linear,46,0.007967015015724492,0.0029739026320029565,92.01388888888889,24,35
C0356,12,1,ring,42,0.0021618089877419337,0.00025271120990470546,93.75,24,36
C0357,12,1,ring,43,0.004919421730046185,0.0016173906673925874,95.48611111111111,24,36
C0358,12,1,ring,44,0.0035554750749449506,0.0013215168303210073,89.23611111111111,24,36
C0359,12,1,ring,45,0.0020070088599045428,0.00041690080104050806,94.09722222222221,24,36
C0360,12,1,ring,46,0.004907389015486633,0.0016078265146475673,92.70833333333334,24,36
C0361,12,2,linear,42,0.015036767157691002,0.0021881744244043517,49.13194444444444,48,70
C0362,12,2,linear,43,0.024083717420900323,0.005496702675453092,48.26388888888889,48,70
C0363,12,2,linear,44,0.022089886908150037,0.003557159743047943,46.70138888888889,48,70
C0364,12,2,linear,45,0.020051415220350848,0.004488570216674616,50.173611111111114,48,70
C0365,12,2,linear,46,0.016536260301293633,0.00399510933923801,69.44444444444444,48,70
C0366,12,2,ring,42,0.011865802579905625,0.0012046520791478541,42.70833333333333,48,72
C0367,12,2,ring,43,0.010143666675664121,0.0004143012579946226,40.45138888888889,48,72
C0368,12,2,ring,44,0.02325807516681856,0.0033690537195981834,38.02083333333333,48,72
C0369,12,2,ring,45,0.010173089560514995,0.000791069542268639,45.13888888888889,48,72
C0370,12,2,ring,46,0.0024702981574817157,0.000132321311681514,78.99305555555556,48,72
C0371,12,3,linear,42,0.012690999414060513,0.0016345555661259985,50.57870370370371,72,105
C0372,12,3,linear,43,0.015576868471134556,0.0022717928843420635,44.56018518518518,72,105
C0373,12,3,linear,44,0.01405461990329593,0.0032705099295641435,48.61111111111111,72,105
C0374,12,3,linear,45,0.013498174388673005,0.0026992302762238345,46.99074074074074,72,105
C0375,12,3,linear,46,0.02195197812996562,0.004026727434131381,43.05555555555556,72,105
C0376,12,3,ring,42,0.006118475348263196,0.00011707174333481063,30.671296296296298,72,108
C0377,12,3,ring,43,0.010666269410407861,0.0002330927066119289,20.02314814814815,72,108
C0378,12,3,ring,44,0.008859454543052835,0.00046391460681195345,37.26851851851852,72,108
C0379,12,3,ring,45,0.005750143758675051,0.00010484630758463443,28.240740740740737,72,108
C0380,12,3,ring,46,0.0103201435854233,0.0008200610960738919,42.129629629629626,72,108
C0381,12,4,linear,42,0.013457012539886898,0.0010468306827472764,42.1875,96,140
C0382,12,4,linear,43,0.01494067073949488,0.0013501519658332204,40.625,96,140
C0383,12,4,linear,44,0.01482174471136456,0.0013898483221776111,40.27777777777778,96,140
C0384,12,4,linear,45,0.013130663272966572,0.001421114689976352,43.14236111111111,96,140
C0385,12,4,linear,46,0.016374819902342356,0.0024194404828876744,41.92708333333333,96,140
C0386,12,4,ring,42,0.008846031275594373,0.00023523055077020005,22.135416666666664,96,144
C0387,12,4,ring,43,0.007681111973555108,0.00011327679787832927,17.274305555555554,96,144
C0388,12,4,ring,44,0.006727930536102516,0.0001098415441936298,19.87847222222222,96,144
C0389,12,4,ring,45,0.0076727321304953765,0.00012623036951735401,19.35763888888889,96,144
C0390,12,4,ring,46,0.006266943600553891,8.776124318759002e-05,21.09375,96,144
C0391,12,6,linear,42,0.013334544543717906,0.0008744739171647782,33.50694444444444,144,210
C0392,12,6,linear,43,0.013392015258615782,0.0010299210537092003,36.28472222222222,144,210
C0393,12,6,linear,44,0.013951574051364391,0.000770389467808094,33.56481481481482,144,210
C0394,12,6,linear,45,0.01289110783408888,0.0009396498169592419,33.27546296296296,144,210
C0395,12,6,linear,46,0.0130251633642854,0.0010409276187242744,35.3587962962963,144,210
C0396,12,6,ring,42,0.00779080481035196,0.0001083945512403835,15.45138888888889,144,216
C0397,12,6,ring,43,0.008135223626702884,0.00012081307767300079,16.608796296296298,144,216
C0398,12,6,ring,44,0.008424561421175389,0.0001275078021292923,14.930555555555555,144,216
C0399,12,6,ring,45,0.00797629394644249,0.00011444081449991789,14.988425925925927,144,216
C0400,12,6,ring,46,0.007974314378209646,0.00012042798010165927,15.393518518518517,144,216
C0401,12,8,linear,42,0.010021556704752547,0.0003104334149088965,29.991319444444443,192,280
C0402,12,8,linear,43,0.010935999255912855,0.0004783807026013971,29.947916666666668,192,280
C0403,12,8,linear,44,0.01128847678647901,0.00048186716995635853,29.07986111111111,192,280
C0404,12,8,linear,45,0.0105675823319753,0.0003771611246113456,30.12152777777778,192,280
C0405,12,8,linear,46,0.011528819327745866,0.0004704573198383579,29.817708333333332,192,280
C0406,12,8,ring,42,0.00847406394884735,0.00012543242529776172,13.84548611111111,192,288
C0407,12,8,ring,43,0.008056291302049316,0.00011056264722958577,12.934027777777779,192,288
C0408,12,8,ring,44,0.007781522426753735,0.00010276343541865055,11.15451388888889,192,288
C0409,12,8,ring,45,0.008323266840045342,0.00011932856403691249,12.934027777777779,192,288
C0410,12,8,ring,46,0.008194334394126982,0.00011613682084678638,12.934027777777779,192,288
C0411,12,10,linear,42,0.009562056682682608,0.00028313213437604004,26.84027777777778,240,350
C0412,12,10,linear,43,0.009288758414276888,0.0002446617853559922,26.28472222222222,240,350
C0413,12,10,linear,44,0.00985051887958028,0.00028371853353056095,26.07638888888889,240,350
C0414,12,10,linear,45,0.00972004654114279,0.0002708999347966491,26.006944444444446,240,350
C0415,12,10,linear,46,0.010338313459195388,0.0003107589908982759,25.763888888888886,240,350
C0416,12,10,ring,42,0.008240045469584251,0.00011733922766983463,12.777777777777777,240,360
C0417,12,10,ring,43,0.008249249063499027,0.00011333571231848527,11.666666666666666,240,360
C0418,12,10,ring,44,0.007824005846520501,0.00010558870790282523,12.986111111111112,240,360
C0419,12,10,ring,45,0.0084914760661037,0.00011920200461805533,11.73611111111111,240,360
C0420,12,10,ring,46,0.008238548766838555,0.00011456761922347033,11.73611111111111,240,360
C0421,14,1,linear,42,0.004070009096242699,0.002334745257298223,94.89795918367348,28,41
C0422,14,1,linear,43,0.006020233170044476,0.0028265656438341683,96.1734693877551,28,41
C0423,14,1,linear,44,0.004527908749152246,0.0022898445749374766,91.58163265306123,28,41
C0424,14,1,linear,45,0.0029948682543250262,0.0008575015977699365,95.1530612244898,28,41
C0425,14,1,linear,46,0.005853317228194757,0.0021866229109873524,94.13265306122449,28,41
C0426,14,1,ring,42,0.0015882301532751805,0.00018583556957313144,95.40816326530613,28,42
C0427,14,1,ring,43,0.003614250361140168,0.0011884009926970648,96.68367346938776,28,42
C0428,14,1,ring,44,0.0026086465031028012,0.0009721334945628869,92.09183673469387,28,42
C0429,14,1,ring,45,0.0014744775275976072,0.0003065316435781968,95.66326530612244,28,42
C0430,14,1,ring,46,0.003605428658770088,0.0011825701193441404,94.64285714285714,28,42
C0431,14,2,linear,42,0.009218945090753538,0.0016474404365404557,61.224489795918366,56,82
C0432,14,2,linear,43,0.0145864034776867,0.0025529210972907394,51.91326530612245,56,82
C0433,14,2,linear,44,0.012811821409603047,0.002757163772928696,61.0969387755102,56,82
C0434,14,2,linear,45,0.010829174395536706,0.0025206162953168624,63.775510204081634,56,82
C0435,14,2,linear,46,0.01425908511743877,0.003161910169715296,59.056122448979586,56,82
C0436,14,2,ring,42,0.006939812290504976,0.0009274106132986144,59.94897959183674,56,84
C0437,14,2,ring,43,0.01006548204702024,0.0009832365562774392,46.55612244897959,56,84
C0438,14,2,ring,44,0.010488746681130371,0.001863774776085958,59.43877551020408,56,84
C0439,14,2,ring,45,0.003988754393693821,0.0005676741639610681,68.75,56,84
C0440,14,2,ring,46,0.01124326076876902,0.001357746235247716,52.04081632653062,56,84
C0441,14,3,linear,42,0.01220996396896997,0.001638541542148083,54.25170068027211,84,123
C0442,14,3,linear,43,0.010756267517355634,0.0018614234777729456,48.3843537414966,84,123
C0443,14,3,linear,44,0.007346033811207304,0.0009765446493729122,60.79931972789115,84,123
C0444,14,3,linear,45,0.01128386455785007,0.002737965103712215,57.56802721088435,84,123
C0445,14,3,linear,46,0.011105775695285392,0.002290665775972959,64.37074829931973,84,123
C0446,14,3,ring,42,0.0063457980761792675,0.00019101888803749016,32.99319727891156,84,126
C0447,14,3,ring,43,0.0047725444896106065,5.249747011880966e-05,28.316326530612244,84,126
C0448,14,3,ring,44,0.0015247794831629534,1.4039115886649329e-05,69.72789115646259,84,126
C0449,14,3,ring,45,0.0032384505711757815,2.9353789783466137e-05,38.86054421768708,84,126
C0450,14,3,ring,46,0.0022883784639795967,1.693523836412609e-05,47.534013605442176,84,126
C0451,14,4,linear,42,0.013541113282085132,0.001427910114934989,44.96173469387755,112,164
C0452,14,4,linear,43,0.010868212852502048,0.0010715206207665767,45.66326530612245,112,164
C0453,14,4,linear,44,0.01332209332301432,0.0015035834136358597,43.36734693877551,112,164
C0454,14,4,linear,45,0.01067475027750154,0.0014547915689059187,47.5765306122449,112,164
C0455,14,4,linear,46,0.012845189662964914,0.001653127385774869,44.06887755102041,112,164
C0456,14,4,ring,42,0.00469074701317432,5.2012709161768035e-05,26.913265306122447,112,168
C0457,14,4,ring,43,0.006625264680385364,0.0001036017263609204,22.448979591836736,112,168
C0458,14,4,ring,44,0.003912681129610099,4.7394764996817047e-05,36.47959183673469,112,168
C0459,14,4,ring,45,0.0037502728729241117,3.562179503522515e-05,31.887755102040817,112,168
C0460,14,4,ring,46,0.003904067548660363,3.112177925361255e-05,27.359693877551024,112,168
C0461,14,6,linear,42,0.010527457494726644,0.0008304199605626818,40.773809523809526,168,246
C0462,14,6,linear,43,0.008210758933627452,0.0005469525618730882,40.34863945578231,168,246
C0463,14,6,linear,44,0.009911794274653947,0.0007106586907501322,40.773809523809526,168,246
C0464,14,6,linear,45,0.008427277408118723,0.0006941380943100013,42.04931972789115,168,246
C0465,14,6,linear,46,0.008351081589537878,0.00039109104134025434,40.90136054421769,168,246
C0466,14,6,ring,42,0.004148074000212515,3.141703210891026e-05,21.641156462585034,168,252
C0467,14,6,ring,43,0.004272169142336663,3.2668591438717174e-05,21.51360544217687,168,252
C0468,14,6,ring,44,0.004340758503404086,3.274609237708709e-05,20.238095238095237,168,252
C0469,14,6,ring,45,0.003907605537917621,2.8097456658819028e-05,24.362244897959183,168,252
C0470,14,6,ring,46,0.0038552269866905537,2.6685084479076952e-05,22.70408163265306,168,252
C0471,14,8,linear,42,0.007299982812407816,0.0003188479907381173,37.276785714285715,224,328
C0472,14,8,linear,43,0.007042293944432029,0.0002770435797486043,37.59566326530612,224,328
C0473,14,8,linear,44,0.007736411222634313,0.0003321973829271814,36.44770408163265,224,328
C0474,14,8,linear,45,0.008034789411661428,0.0004807240892666668,36.54336734693878,224,328
C0475,14,8,linear,46,0.0076763134752851235,0.0003100122526601769,36.32015306122449,224,328
C0476,14,8,ring,42,0.00396722589945761,2.7855347676672405e-05,21.747448979591837,224,336
C0477,14,8,ring,43,0.004230059831161443,3.036528652640582e-05,18.973214285714285,224,336
C0478,14,8,ring,44,0.004192756444663844,3.0333163704073893e-05,20.408163265306122,224,336
C0479,14,8,ring,45,0.004036769012773754,2.832846345729714e-05,21.269132653061224,224,336
C0480,14,8,ring,46,0.004212448662336603,3.0961515608502566e-05,19.83418367346939,224,336
C0481,14,10,linear,42,0.005878368443934421,0.00014381298166787717,35.22959183673469,280,410
C0482,14,10,linear,43,0.00577072421407819,0.00014596438090250152,34.08163265306122,280,410
C0483,14,10,linear,44,0.006431332668839611,0.00017313353229826575,32.857142857142854,280,410
C0484,14,10,linear,45,0.005982402756197193,0.00014982953873787216,32.525510204081634,280,410
C0485,14,10,linear,46,0.006043718155744024,0.00014014635484160622,32.70408163265306,280,410
C0486,14,10,ring,42,0.0039044303649400894,2.6510909021419964e-05,22.346938775510203,280,420
C0487,14,10,ring,43,0.0041950757703724546,2.9687999069189603e-05,19.872448979591837,280,420
C0488,14,10,ring,44,0.004137429688587669,2.9167000716024473e-05,19.056122448979593,280,420
C0489,14,10,ring,45,0.00414714190472198,2.896877394454653e-05,19.081632653061227,280,420
C0490,14,10,ring,46,0.004027924261897848,2.7524606339735866e-05,19.897959183673468,280,420
